user_id,num_posts,total_comments_received,category
-CuriousSoul-,2,195,50 or more comments
-Eat-Dlck-and-pvssy-,2,106,50 or more comments
-Keep-Going-,3,67,50 or more comments
-SinValentino,3,916,50 or more comments
-oishiiocha-,1,87,50 or more comments
00idontknow,9,69,50 or more comments
16yeets,3,195,50 or more comments
1fyino,3,365,50 or more comments
23Royce,1,165,50 or more comments
280085135,3,72,50 or more comments
3sperr,5,230,50 or more comments
440continuer,5,79,50 or more comments
4l2r,10,135,50 or more comments
AJDGaming,3,58,50 or more comments
A_19_3,3,217,50 or more comments
AbhijithSaji,1,233,50 or more comments
Accomplished-Egg-639,1,155,50 or more comments
Accomplished-Push190,2,94,50 or more comments
AccomplishedVast8278,5,84,50 or more comments
Acrobatic-Detail5102,1,52,50 or more comments
AdLate4338,3,82,50 or more comments
Additional_Dingo_190,7,58,50 or more comments
AdministrativeFee970,1,106,50 or more comments
Adorable-Run-2447,8,409,50 or more comments
AdventurousTie8034,4,125,50 or more comments
Adventurous_Ad_3255,1,101,50 or more comments
Aelsyn,1,176,50 or more comments
Affectionate-Camel-1,2,108,50 or more comments
Affectionate-Egg1451,1,121,50 or more comments
AffectionateSoup24,5,119,50 or more comments
Aggravating-Pea-1549,1,55,50 or more comments
Aggravating_Fox_7007,1,60,50 or more comments
AggressiveHat6,5,118,50 or more comments
Aggressive_Paint5252,2,100,50 or more comments
AgitatedTheme5,1,81,50 or more comments
Akilia-,1,91,50 or more comments
Akmeisterr,1,198,50 or more comments
Alarmed_Cat8404,1,251,50 or more comments
Alarming-Brief-133,8,50,50 or more comments
Alex_ker,3,87,50 or more comments
Alina_1718,1,53,50 or more comments
Alittlelifeofareader,2,271,50 or more comments
AllKidsAreDepr3ss3d,1,55,50 or more comments
Alwaysaloneforever97,7,95,50 or more comments
Amazing_Tone793,7,83,50 or more comments
Amber-Rose95,3,102,50 or more comments
Ambitious_Basket7921,6,120,50 or more comments
AncientLamborghini,2,374,50 or more comments
Ann3xer,2,65,50 or more comments
Anneber04,3,80,50 or more comments
AnthonyXeno,5,66,50 or more comments
Ao_no_iroai,1,52,50 or more comments
Apprehensive_Bed1848,1,60,50 or more comments
Appropriate-Shame506,1,89,50 or more comments
Appropriate_Ad_811,2,52,50 or more comments
AriOnMarss,3,74,50 or more comments
ArpanMohanty04,9,65,50 or more comments
Artistic-Ad2010,3,137,50 or more comments
ArtisticAd1237,1,91,50 or more comments
Asleep_Alfalfa2845,5,103,50 or more comments
Astro-Nass,2,132,50 or more comments
Attimesbrilliant,1,68,50 or more comments
Automatic_Bug_2584,5,73,50 or more comments
Available_Half4840,1,153,50 or more comments
AwkwardBookworm1,1,188,50 or more comments
AwkwardCardead,8,57,50 or more comments
BMoney8600,2,63,50 or more comments
BackgroundChameleon,2,75,50 or more comments
BadHabitsDieYoung,1,73,50 or more comments
Banjomm,1,176,50 or more comments
Barbie-Girl5682,4,59,50 or more comments
Basixx_01,2,378,50 or more comments
BeautifulOk9006,3,57,50 or more comments
Beginning_Option776,1,68,50 or more comments
Beginning_Tell_8817,3,189,50 or more comments
Bel_acqua,9,146,50 or more comments
Benzoenz,1,55,50 or more comments
Berenda2013,1,103,50 or more comments
BigBat92,9,100,50 or more comments
BigPooCat,8,202,50 or more comments
BigRatSkins,10,102,50 or more comments
Big_Effect_0000,2,56,50 or more comments
Billyboy5837,1,87,50 or more comments
Bittlesbop,7,117,50 or more comments
BlakedBotato,4,81,50 or more comments
Bless_it_scstandard,10,80,50 or more comments
BlvckAnomally26,2,189,50 or more comments
Bodybuilding-Elk,7,503,50 or more comments
BogiB4tina,1,216,50 or more comments
Boompopskeert,1,88,50 or more comments
Booty-XD,4,167,50 or more comments
Born-Ad6641,2,50,50 or more comments
BriNeedsSleep,2,69,50 or more comments
BriTheBitch,5,52,50 or more comments
Brigxtte,6,189,50 or more comments
Brilliant_Custard_13,5,164,50 or more comments
Brilliant_Option6528,4,93,50 or more comments
Brownie_Boy_oo,1,63,50 or more comments
BruitistHagan,6,55,50 or more comments
BuildingAmazing7411,3,60,50 or more comments
BurlapSackOverMe,5,87,50 or more comments
BurnaAccount1227,10,136,50 or more comments
BurnedButDelicious,4,63,50 or more comments
BurntBananaPeel97,3,98,50 or more comments
CallmeicyyVibesX,2,121,50 or more comments
Cameron6312,3,59,50 or more comments
Camo_Penguin,1,69,50 or more comments
CanadienNerd,8,103,50 or more comments
Careful-Tune,1,54,50 or more comments
Cdson,3,59,50 or more comments
ChanTim,2,127,50 or more comments
Chaotic_Switch,3,52,50 or more comments
Character_Narwhal697,1,50,50 or more comments
CheezyNeko,7,56,50 or more comments
Chelley_99,4,81,50 or more comments
Chimneymase,2,74,50 or more comments
CinnaBunny97,3,100,50 or more comments
Civil-Ad-8007,4,223,50 or more comments
CodeNeem,1,425,50 or more comments
Commander_Bun_Bun,2,52,50 or more comments
CommitteeReal9271,8,50,50 or more comments
Completey,1,63,50 or more comments
ConcentrateUnhappy55,2,122,50 or more comments
Consistent-Poet-5005,7,100,50 or more comments
ConstructionKey3589,4,99,50 or more comments
CookedLikeaCookie,2,224,50 or more comments
Cookiee-4u,2,284,50 or more comments
CoronaBroughtMeHere2,2,87,50 or more comments
Cottonkandyheart,1,58,50 or more comments
CrackedStatic,1,82,50 or more comments
Creative-Safety-8977,1,68,50 or more comments
Creepy_Landscape6697,2,119,50 or more comments
Critical_Cheetah5509,5,159,50 or more comments
Curious-Menu-8679,1,182,50 or more comments
Curious_Wolf_9515,9,94,50 or more comments
CurlyFrenchFry420,2,72,50 or more comments
Current-Client-946,1,53,50 or more comments
Cute_Enby,8,92,50 or more comments
DARK-GHOST-47,1,73,50 or more comments
DBCooperTP,2,78,50 or more comments
DEV1LRY,4,80,50 or more comments
DIVINELIGHTSEVERED,6,156,50 or more comments
Daisy0207,8,322,50 or more comments
Dangerous_Owl_1858,2,62,50 or more comments
DanielB_13,2,94,50 or more comments
DarkDarkSoul111,9,2000,50 or more comments
Dark_Mode_FTW,2,183,50 or more comments
DeadGirlMeg,6,154,50 or more comments
DeanG30,2,104,50 or more comments
Dense_Dance8111,6,402,50 or more comments
DepressedAutisicGuy,2,80,50 or more comments
DesignerSuccotash,8,88,50 or more comments
DicerrML,7,134,50 or more comments
Different-Horse-4578,2,60,50 or more comments
Diligent-Basket1853,7,56,50 or more comments
DiogoSN,1,77,50 or more comments
Dipesh1990,5,73,50 or more comments
DisSapien1,2,51,50 or more comments
Disastrous_Cicada619,2,77,50 or more comments
DoNotEatPant,1,60,50 or more comments
Dominantgrl00,1,265,50 or more comments
Downtown-Ad5457,2,79,50 or more comments
DressForDepress,9,62,50 or more comments
DroppyLeftBoob,1,101,50 or more comments
Drummer-boyxoxo,3,118,50 or more comments
Dry_Fondant_4065,2,74,50 or more comments
DueNectarine8151,3,75,50 or more comments
Eagle_Blimp,4,95,50 or more comments
Ediblesplug,6,66,50 or more comments
Efficient-Sock7275,1,73,50 or more comments
El_Sus_one,1,142,50 or more comments
ElectricChameleon,2,175,50 or more comments
Electronic_Flower211,5,114,50 or more comments
Eleon0ra,1,98,50 or more comments
EllieBean124,5,57,50 or more comments
Emergency_Park2725,6,69,50 or more comments
Emmathecatlover,1,58,50 or more comments
Emo_candi_girl,7,95,50 or more comments
Enough-Restaurant954,2,62,50 or more comments
Enough_Possibility75,1,89,50 or more comments
Entire_Claim_5273,5,88,50 or more comments
EquipmentSame9061,1,53,50 or more comments
Equivalent-Chest152,1,70,50 or more comments
Equivalent-Gur-1085,6,75,50 or more comments
Equivalent-Jump421,1,119,50 or more comments
ErenDisthraught,3,111,50 or more comments
Evoked_Iteration,1,64,50 or more comments
Exciting_Champion_11,6,76,50 or more comments
Existing_Trust_8081,1,52,50 or more comments
Extaze9616,2,98,50 or more comments
F0restFiend,3,117,50 or more comments
FML-FMLFMLFMLFMLFML,3,188,50 or more comments
FadedOnline,4,56,50 or more comments
Fakeos,2,56,50 or more comments
FantasticEconomics50,3,363,50 or more comments
Far-Ad9179,1,68,50 or more comments
Few_Reindeer3037,5,59,50 or more comments
FigaroNeptune,1,126,50 or more comments
Fine_Mechanic_4439,5,185,50 or more comments
FiveDollarRimjobs,2,53,50 or more comments
FlirtatiousEuph,2,149,50 or more comments
Flogisto_Saltimbanco,4,52,50 or more comments
Flow_Scholar,5,147,50 or more comments
FollowingGullible170,2,68,50 or more comments
ForeignFormal9339,6,178,50 or more comments
Former_Bill9795,1,72,50 or more comments
Fragrant-Young8219,1,55,50 or more comments
FrankTheRabbittt,2,79,50 or more comments
Frankkier,2,65,50 or more comments
Friendless_Soul5,9,67,50 or more comments
Friggin_Wiggin,6,104,50 or more comments
FunnyElegance21,4,118,50 or more comments
Fury_122333,2,66,50 or more comments
GGWanheda,5,284,50 or more comments
Gallant_Goemon,2,164,50 or more comments
Gekko_8,4,78,50 or more comments
GingerSnaps9315,7,167,50 or more comments
Gingerroot_,1,54,50 or more comments
Glamdalf_18,2,73,50 or more comments
GlazedDonutssss,1,62,50 or more comments
GlitteringGas9130,3,338,50 or more comments
Glittering_Summer886,5,52,50 or more comments
Glum_Finger5006,1,140,50 or more comments
Goldennuglet,5,71,50 or more comments
GreatMasol,6,54,50 or more comments
Griggle101,1,234,50 or more comments
Grizzlyciouz,9,124,50 or more comments
GuardSenior84,1,63,50 or more comments
Gullible-Base-9162,2,70,50 or more comments
GxstSJaye,2,99,50 or more comments
HG_Z30,1,127,50 or more comments
HabitSimple9546,1,52,50 or more comments
HanMain2,2,51,50 or more comments
Happy-Attitude1362,2,50,50 or more comments
Happy-Investigator-,5,55,50 or more comments
Haunting_Equipment94,1,99,50 or more comments
HeLst3n1,1,160,50 or more comments
Head-Of-The-Table,7,469,50 or more comments
Healthy_Neck4755,2,75,50 or more comments
HistoricalVersion756,1,61,50 or more comments
Historical_Head7554,3,177,50 or more comments
Historical_West6130,1,75,50 or more comments
HolyMonie,1,56,50 or more comments
Honest-Detail5542,1,62,50 or more comments
Hopeful-Ad6193,1,50,50 or more comments
Hot-Upstairs-7282,2,64,50 or more comments
Hot_Mathematician257,8,177,50 or more comments
Hour-Understanding77,3,348,50 or more comments
HungryAnswer1776,1,80,50 or more comments
IAT3TH3B0N3Z,7,97,50 or more comments
IAmOneThatsAnonymous,1,84,50 or more comments
IAmtheChosen865,7,104,50 or more comments
ILoveSadBoys,6,87,50 or more comments
INeedToTalkForMe,1,83,50 or more comments
Iamyourlily,2,145,50 or more comments
Icy_Dark_1325,1,56,50 or more comments
Iittlebowpeep,1,61,50 or more comments
Ill_Mathematician158,9,57,50 or more comments
Ilovemyhometown,1,75,50 or more comments
ImNobody265,3,153,50 or more comments
Im_from_owderspaysse,1,52,50 or more comments
Immediate_Pop_3884,1,111,50 or more comments
Immortal_dreams_,6,53,50 or more comments
Immortalmatrix,1,53,50 or more comments
Imnormalurnotok,1,92,50 or more comments
Important-Agency-717,2,57,50 or more comments
Impressive-Guava6899,5,259,50 or more comments
Imterminal1996,4,281,50 or more comments
Inboundcrib3,2,76,50 or more comments
Independent-Act-275,6,53,50 or more comments
Independent_Neat458,1,53,50 or more comments
IndividualFuture5487,7,51,50 or more comments
Infinite_Park_787,1,155,50 or more comments
Inidae,5,118,50 or more comments
Inside_Sentence_6116,1,64,50 or more comments
Intelligent_Sun8259,7,132,50 or more comments
Interesting-Bend-549,1,66,50 or more comments
Interesting-Fact-687,2,57,50 or more comments
Internal-Flamingo455,2,113,50 or more comments
IntrovertCricketFan,10,183,50 or more comments
Isma_will_die,3,64,50 or more comments
Itadori_riley,2,131,50 or more comments
Itchy-Investigator63,1,61,50 or more comments
Its_me-myself-and-I,7,113,50 or more comments
IvanDalized,1,72,50 or more comments
Jadedfeet444,1,76,50 or more comments
JansenLebow,3,50,50 or more comments
Jazzlike-Fox7525,2,176,50 or more comments
Jealous-Dentist1,4,118,50 or more comments
JeromeUSmith,2,247,50 or more comments
Johdagbg,1,92,50 or more comments
JokienStudios_03,10,399,50 or more comments
JooJo______________,4,56,50 or more comments
Joviak,3,57,50 or more comments
Julia_uwu-,2,55,50 or more comments
KJBGamez,1,97,50 or more comments
KKayTea,1,84,50 or more comments
K_Xpress,7,180,50 or more comments
Karli99,1,231,50 or more comments
KatPaws11,1,81,50 or more comments
Kawaiipastelkitty,7,140,50 or more comments
KeyweilderQueen,1,68,50 or more comments
Kind_Weird_4613,1,71,50 or more comments
Kindly_Science7451,6,56,50 or more comments
Kittymoewmoew28,2,58,50 or more comments
Krendall2006,5,113,50 or more comments
Kyle_Krafter,4,103,50 or more comments
Kysman95,5,177,50 or more comments
L_DoC_l,2,205,50 or more comments
LaLaLenin,2,88,50 or more comments
LeLurkingNormie,2,61,50 or more comments
LeatherLawfulness478,5,51,50 or more comments
Left-Antelope-6823,2,74,50 or more comments
Left-Income-5650,3,169,50 or more comments
Lethia-Ianira,1,68,50 or more comments
Libertalius,2,59,50 or more comments
LifeBytes123,5,128,50 or more comments
Lilchipmunkman,4,50,50 or more comments
Lilylolo88,4,151,50 or more comments
Limp_Reserve_9121,1,130,50 or more comments
LiquidDio,1,65,50 or more comments
Livia_Delta,4,65,50 or more comments
LividAd1867,4,68,50 or more comments
Log701,9,138,50 or more comments
LoneWander22,3,85,50 or more comments
Lonely_dream_chaser,2,103,50 or more comments
Long_day_745,2,163,50 or more comments
LoqitaGeneral1990,5,437,50 or more comments
LoudCustard82,6,60,50 or more comments
Low-Surprise4527,1,83,50 or more comments
Lucifer_137,1,185,50 or more comments
Lucky-Source666,1,56,50 or more comments
LukeDuhDukee,2,57,50 or more comments
Lumpy_Elderberry_371,3,76,50 or more comments
LuxCopperfox,2,50,50 or more comments
MADDA_ON_REDITT,1,90,50 or more comments
MLMxortis,1,81,50 or more comments
MYSTIK_MINX,3,81,50 or more comments
MadamMori,1,54,50 or more comments
Maddogx3000,5,104,50 or more comments
Major-Archer4529,1,86,50 or more comments
Martiniusz,3,81,50 or more comments
Masny_Basek,5,80,50 or more comments
Mav3riick,1,285,50 or more comments
Medicinal_green_bean,8,67,50 or more comments
Mediocre-Basis-8962,1,74,50 or more comments
Mehdy31,2,366,50 or more comments
Melodic_Season_9405,1,240,50 or more comments
Mental_health896,1,57,50 or more comments
Meowiwam,7,70,50 or more comments
MeryCherry77,1,97,50 or more comments
Midnightkitty9x,1,57,50 or more comments
Mindless-Balance-498,4,120,50 or more comments
Mindless-Plate-1988,5,57,50 or more comments
Mindless_Item_5758,3,51,50 or more comments
Minimum_Current_481,5,85,50 or more comments
Miserable_Lettuce369,1,237,50 or more comments
MisterPuffyNipples,7,79,50 or more comments
MoeMoe1204,2,62,50 or more comments
Moist_Ad189,2,57,50 or more comments
Moist_Advantage_6966,4,265,50 or more comments
Moonknightx53,2,111,50 or more comments
MostReplacable,1,61,50 or more comments
MrBum96,1,99,50 or more comments
MundaneBodybuilder0,6,61,50 or more comments
Murky-Research-6302,4,52,50 or more comments
Myst_of_Man22,2,52,50 or more comments
NEKKID_GRAMMAW,5,95,50 or more comments
Natural_Market_8845,6,209,50 or more comments
NauseousDingDong,3,138,50 or more comments
NeckroSabre,7,83,50 or more comments
Neither_Hat_8985,1,188,50 or more comments
Nequies,1,112,50 or more comments
Nerd-in-disguise01,1,88,50 or more comments
NiceTryThief0,9,103,50 or more comments
NickyGoods84,3,62,50 or more comments
NickyPoo9919,4,116,50 or more comments
Nicomedensis,2,89,50 or more comments
NightOwlMoonMan,3,105,50 or more comments
Nilbogstation,2,78,50 or more comments
Ninjastar69,1,70,50 or more comments
NivekChir43,1,51,50 or more comments
No-Equipment-9865,1,72,50 or more comments
No-Storm681,1,115,50 or more comments
No-Worldliness-6538,1,311,50 or more comments
NoIdeaWhatToD0,3,346,50 or more comments
NoSleepTill-Brooklyn,7,53,50 or more comments
NoTomatoExtraPickles,2,91,50 or more comments
No_Bat_114,2,68,50 or more comments
No_Quarter_9620,1,129,50 or more comments
No_Tailor8562,4,133,50 or more comments
No_context_exe,6,64,50 or more comments
NotJohanL,2,115,50 or more comments
NotMeButMyCat,1,86,50 or more comments
Notapersonlmao,4,75,50 or more comments
Nov927,4,149,50 or more comments
Numerous-Biscotti900,3,83,50 or more comments
Nyctofeelia,1,77,50 or more comments
ODB95,3,63,50 or more comments
Objective-Net-3032,1,66,50 or more comments
OddPlatypus7794,2,93,50 or more comments
Odyascre,7,144,50 or more comments
Ok-Energy-858,1,69,50 or more comments
Ok-Investigator7951,1,67,50 or more comments
Ok-Sound-2628,2,165,50 or more comments
OkWalrus8255,1,81,50 or more comments
Ok_Elderberry_9936,1,79,50 or more comments
Ok_Law1045,2,80,50 or more comments
Ok_Traffic5160,1,130,50 or more comments
OliveAwoo,1,66,50 or more comments
One-Airport9665,4,74,50 or more comments
Onthadeadguys,1,122,50 or more comments
Opening-Arm2993,1,50,50 or more comments
Opposite_Position393,1,75,50 or more comments
Optimal-Valuable2612,8,84,50 or more comments
Ordinary_Proof2365,1,56,50 or more comments
Over_Cupcake_8937,3,53,50 or more comments
POOF_youre_AMAZIN,6,54,50 or more comments
Pablotaughtme,1,87,50 or more comments
Pachulita_44,1,89,50 or more comments
PandaFloofles,4,54,50 or more comments
PatientStop2487,1,95,50 or more comments
Pensive_Nights,8,70,50 or more comments
PeteyZee1998,3,51,50 or more comments
Phenex666,2,56,50 or more comments
PieceOfPOS,9,164,50 or more comments
PistachioEnjoyer,3,76,50 or more comments
Pivaaa,4,50,50 or more comments
Plane-Zebra8550,2,97,50 or more comments
PlanktonHappy4693,2,108,50 or more comments
PocoLoco0000,8,66,50 or more comments
PopStriking6606,1,63,50 or more comments
PopulationMe,1,66,50 or more comments
Positive-Pound-3492,1,141,50 or more comments
PostageBread,2,58,50 or more comments
PotatoesJohnson,10,142,50 or more comments
Powerful-Agent-753,8,171,50 or more comments
Practical-Cry8411,1,53,50 or more comments
Present_Object_4634,5,72,50 or more comments
Prize_Zone3611,1,78,50 or more comments
Prof_Hershel_Layton,2,121,50 or more comments
Professional-Goat-2,6,75,50 or more comments
Psychological-Food77,3,152,50 or more comments
PurpleBunny29,5,72,50 or more comments
PuzzledPermit7116,3,82,50 or more comments
Quagmire1912,9,76,50 or more comments
QueenLoppy1989,3,183,50 or more comments
Queen_Shar,1,233,50 or more comments
Quick-Statistician27,1,72,50 or more comments
RL_Meeseeks,10,88,50 or more comments
Raider1693,2,117,50 or more comments
Raspberrybellie,1,95,50 or more comments
Rayan-TB,2,146,50 or more comments
RealEntertainment620,5,100,50 or more comments
Realistic-Drag-2651,1,54,50 or more comments
Reallysadhorse,1,64,50 or more comments
RedNerd368,1,54,50 or more comments
RegretValuable,2,72,50 or more comments
Repulsive-Lychee143,1,130,50 or more comments
Repulsive-Tale-4960,1,208,50 or more comments
Responsible-Page-344,4,625,50 or more comments
Responsible-Way-4692,1,52,50 or more comments
ResponsibleAd2404,8,53,50 or more comments
Revolutionary-Ad1045,1,90,50 or more comments
Revolutionary-Set144,2,51,50 or more comments
Ripmacmiller412,1,96,50 or more comments
Rockee27,4,88,50 or more comments
Rohpat57,2,202,50 or more comments
RoseJamCaptive,2,120,50 or more comments
Roseberrysoupp,1,120,50 or more comments
RoundOk651,1,71,50 or more comments
Rualsum,5,205,50 or more comments
Rxxxve,2,81,50 or more comments
Ryazas,3,416,50 or more comments
SadLeo1337,8,88,50 or more comments
Sad_NEET,3,71,50 or more comments
Sad_Object3213,2,80,50 or more comments
SafeCake1045,1,103,50 or more comments
SameYear7195,3,73,50 or more comments
Same_Bid_1163,1,69,50 or more comments
Samfung12,1,65,50 or more comments
SawEdge,3,149,50 or more comments
Sawyer_ch,3,122,50 or more comments
Scafista_T-J,8,77,50 or more comments
Scrybblyr,1,54,50 or more comments
Senior-Ad6066,1,237,50 or more comments
Sensitive_Apple4855,2,120,50 or more comments
Seperateclock80,1,99,50 or more comments
SeriousPuppet,2,59,50 or more comments
Setrik_,4,58,50 or more comments
SextremeRP,1,65,50 or more comments
Shesellspetrol,2,65,50 or more comments
ShortenedWire,9,107,50 or more comments
Shot-Bad3496,2,75,50 or more comments
Shuijii,2,57,50 or more comments
Signal_Paint5555,1,93,50 or more comments
Sillybillywitch66,1,57,50 or more comments
Silver_Test_1891,3,145,50 or more comments
Sin_beyondothers,6,115,50 or more comments
Sir_Funk1,2,79,50 or more comments
Sispz,6,75,50 or more comments
SkyBlueNeonX,6,52,50 or more comments
Slaying_Salty,1,126,50 or more comments
SleepParaIysisDemon,1,80,50 or more comments
Slice_Equal,5,67,50 or more comments
SmartBreak2509,1,66,50 or more comments
Snoo40929,4,56,50 or more comments
SoShy95,4,198,50 or more comments
Soberandhot,3,93,50 or more comments
Solipsayshim,1,62,50 or more comments
SomeTeaPlz,1,168,50 or more comments
Sourapplecaramel_,1,287,50 or more comments
Sparkie_Dime,10,371,50 or more comments
Specialist_Trust4157,2,57,50 or more comments
Spiritual_Ad_8872,2,63,50 or more comments
Spiritual_Okra_5228,2,120,50 or more comments
StankyLeg223,1,91,50 or more comments
StarvingForAnything,9,62,50 or more comments
StellaWagner777,3,218,50 or more comments
SteveMain4Lyfe,1,73,50 or more comments
Stonewall_Hackson,6,447,50 or more comments
Strange-Evidence5843,4,101,50 or more comments
Strawberryrefresh,2,166,50 or more comments
Street-Initiative916,4,202,50 or more comments
StrongestLiw,2,64,50 or more comments
Substantial_Ad_9889,1,84,50 or more comments
Such-Option8535,1,57,50 or more comments
SufferThroughIt,1,93,50 or more comments
Sufficient-Peak5856,1,166,50 or more comments
SuicidalDeception,7,247,50 or more comments
SunflowerFilled,1,58,50 or more comments
Sup-Its-Ty,1,459,50 or more comments
SuperFreakinSaiyan,1,60,50 or more comments
Suspicious-Mode6717,5,98,50 or more comments
SynergyRamoz,1,119,50 or more comments
Synthwave_Vibes,2,113,50 or more comments
T-ouch,2,220,50 or more comments
TA_justew,1,75,50 or more comments
THE01X,3,114,50 or more comments
TRUCKBOB,8,212,50 or more comments
T_StreakMLP,4,61,50 or more comments
TaleofTwoWolves,2,58,50 or more comments
Tall_Cactus123,2,213,50 or more comments
Tatsuko_S,10,266,50 or more comments
Temporary-Chain2788,1,137,50 or more comments
Terry_Jeffords,2,141,50 or more comments
TheDrowningDutchman,2,134,50 or more comments
TheEmotionalfool3,2,100,50 or more comments
TheLonelyNurse,10,140,50 or more comments
TheTroubledChild,1,72,50 or more comments
The_Feeger,2,197,50 or more comments
The_Urban_Moose,3,150,50 or more comments
Theblacrose28,2,105,50 or more comments
Thethrowaway_guitar,1,93,50 or more comments
ThiccOne,2,53,50 or more comments
ThickShortGirl,5,50,50 or more comments
Think-Life9337,2,56,50 or more comments
ThisNotMyMainAcc,8,103,50 or more comments
ThrashMutant,1,53,50 or more comments
Throwitawayaccount-,3,118,50 or more comments
TiJbuapksfee,1,57,50 or more comments
TigerOfNaniwa07,3,65,50 or more comments
TimeSwords,1,66,50 or more comments
TinyCaramelChip,4,50,50 or more comments
TitianSG,1,69,50 or more comments
Tormie3,2,79,50 or more comments
Tough-Swimming7837,1,99,50 or more comments
Toxic_pluto,1,102,50 or more comments
TracyJacks00,1,417,50 or more comments
Training-Cup5603,8,97,50 or more comments
Tricky_Marking,2,50,50 or more comments
Trttrr1,10,93,50 or more comments
TryingToGetLifeBack,3,70,50 or more comments
Ugly1998,3,87,50 or more comments
UmbtaS,2,94,50 or more comments
Umvc3123,1,90,50 or more comments
Unknown-14,2,52,50 or more comments
Upbeat_Badger_6838,1,156,50 or more comments
Upset-Interaction732,1,50,50 or more comments
Usermane-_-,2,68,50 or more comments
Uva_Fresca,1,53,50 or more comments
Vajadu,5,73,50 or more comments
Vanity_Vanite,4,151,50 or more comments
Vegetable_Month_2476,1,109,50 or more comments
VenomousBlack,10,59,50 or more comments
VinThePinnyPinPin,2,68,50 or more comments
VisualPuzzleheaded89,1,61,50 or more comments
VitalityDex,2,81,50 or more comments
VolatileNacho,4,59,50 or more comments
VulonVahlok,5,68,50 or more comments
Vytixx,3,107,50 or more comments
Wanderlust32197,1,52,50 or more comments
WaterEater444,4,71,50 or more comments
WeebBix,3,142,50 or more comments
WellLetsRoll,10,60,50 or more comments
Western-Confection69,2,111,50 or more comments
Wh00pity_sc00p,7,289,50 or more comments
Willing_Joke917,1,279,50 or more comments
Wise_Eye2251,7,55,50 or more comments
Witness_Charming,10,66,50 or more comments
WonTonBagel670,6,50,50 or more comments
Wonderful-Impact6557,2,55,50 or more comments
WoodenWoden,8,75,50 or more comments
Worried_Watch7999,1,113,50 or more comments
WrittenEuphoria,5,91,50 or more comments
XiLongHusk,1,56,50 or more comments
XynchX,1,50,50 or more comments
Yaroslavorino,1,61,50 or more comments
Yasnahe,9,302,50 or more comments
YeahToastGOD,8,52,50 or more comments
Yeah_uhyeah,10,71,50 or more comments
YellowMabry,2,59,50 or more comments
YetiManDude342,1,76,50 or more comments
YourChemicalRomance_,2,497,50 or more comments
YourMagnetar,1,52,50 or more comments
Yourghosts,4,95,50 or more comments
ZannaNova,1,66,50 or more comments
ZealousidealCharge61,2,144,50 or more comments
ZealousidealRub8025,1,84,50 or more comments
Zealousideal_Wait765,2,53,50 or more comments
ZeroX2021,9,120,50 or more comments
Zestyclose_Draw_7259,1,106,50 or more comments
Zoe-theKitten,3,84,50 or more comments
ZoopNoop,1,83,50 or more comments
_GreyX,1,127,50 or more comments
_Pathetic_Human_,1,55,50 or more comments
_Roryy,4,64,50 or more comments
_mentally_broken_,3,304,50 or more comments
_number,3,56,50 or more comments
aaktown765,1,57,50 or more comments
abmb0209,1,170,50 or more comments
abmb9909,1,101,50 or more comments
ad_396,2,88,50 or more comments
agustdjr,2,133,50 or more comments
ahhlo134,3,50,50 or more comments
aimotorinku,2,64,50 or more comments
aladyofthecosmos,1,130,50 or more comments
alexstreerking203,2,83,50 or more comments
alien_heroin,2,56,50 or more comments
alishyaz,2,76,50 or more comments
alvida-tanhai,5,67,50 or more comments
amaluatei,7,165,50 or more comments
amaluatei3,4,197,50 or more comments
anasstassiaex,1,138,50 or more comments
anechointhedark,6,111,50 or more comments
angelchild212,1,123,50 or more comments
angiebobangie1234,9,180,50 or more comments
anonbabe24,3,78,50 or more comments
anonylaw2,9,66,50 or more comments
anonymous919292,6,92,50 or more comments
anonymous_5002,1,51,50 or more comments
antgamingx,3,54,50 or more comments
arzun11,2,109,50 or more comments
asking4boobies,4,122,50 or more comments
asuna4444,1,62,50 or more comments
atTheEnd__,3,74,50 or more comments
b1ack2,5,68,50 or more comments
backit_barbie,3,238,50 or more comments
backseatastronaut,1,52,50 or more comments
backupforsecretstuff,1,122,50 or more comments
baldythrowaway97,3,62,50 or more comments
bananauyu25,4,242,50 or more comments
bearyweek,1,79,50 or more comments
beautiful_salad101,1,74,50 or more comments
becharvi,1,82,50 or more comments
benzobabyyy,1,97,50 or more comments
bettyreal,1,276,50 or more comments
bimbot-maddison,2,110,50 or more comments
blaskoczen,4,84,50 or more comments
blizkost,3,91,50 or more comments
boahjack1899,1,130,50 or more comments
bobsmith27050,2,67,50 or more comments
bowwowwow7,2,233,50 or more comments
bradypatriot11,5,146,50 or more comments
brettugly1234,2,263,50 or more comments
byriie,8,116,50 or more comments
bythetwins_,5,208,50 or more comments
calbg,1,61,50 or more comments
callmekitten100,1,51,50 or more comments
camxelite99,4,155,50 or more comments
candyonthemoon,1,57,50 or more comments
ccbour00,2,98,50 or more comments
cewdfw,5,170,50 or more comments
ch3rryp3rfume,2,148,50 or more comments
cherribeary,2,122,50 or more comments
chillingspirit,1,91,50 or more comments
chocolatecake93,1,78,50 or more comments
clagat_,3,83,50 or more comments
coffeecaketea,2,104,50 or more comments
confettisbunnies,1,59,50 or more comments
confused-yharnamite,2,128,50 or more comments
cowgirls_dontcry,1,51,50 or more comments
crazyfrogremix2006,1,62,50 or more comments
crossystitchy,7,79,50 or more comments
ctsc540,1,54,50 or more comments
custardprincess,2,78,50 or more comments
cybergoofinator,1,597,50 or more comments
dacryphiIiac,7,79,50 or more comments
daisyisdone,1,100,50 or more comments
dameusernames,1,65,50 or more comments
damnthispagesucks,1,133,50 or more comments
darcys_nightmare,4,81,50 or more comments
dark-knight-2021,1,58,50 or more comments
darkfire_1998,2,55,50 or more comments
darkkingthe3rd,1,104,50 or more comments
dawg_im_so_alone,7,51,50 or more comments
ddlprincessx,4,66,50 or more comments
dead_flag_blues_,6,212,50 or more comments
deadcat2002,1,140,50 or more comments
delanceyst0,1,103,50 or more comments
delhornywilliam,3,105,50 or more comments
depressedforver,9,65,50 or more comments
dhdhebjej,6,53,50 or more comments
disneywxrld,1,62,50 or more comments
disorientedspace,3,50,50 or more comments
displayname0620,5,53,50 or more comments
dogggman,1,105,50 or more comments
dogmane300,3,78,50 or more comments
dollfacedslut,4,118,50 or more comments
dollylilith333_,1,55,50 or more comments
dommdottcom,2,264,50 or more comments
donthaveapseudo,6,87,50 or more comments
dontignoremeplz,1,127,50 or more comments
drunken_butterfly_0,5,52,50 or more comments
dsalas5821,2,54,50 or more comments
dspacey,2,65,50 or more comments
dwex1,1,66,50 or more comments
easyclassicmode,6,64,50 or more comments
eliXomy,1,112,50 or more comments
elizaaa__,1,119,50 or more comments
ellieellie03,7,261,50 or more comments
emeraldjade9,2,54,50 or more comments
enditall9,1,56,50 or more comments
endless_afterthought,9,444,50 or more comments
eshaded,6,67,50 or more comments
existential0_0crisis,1,65,50 or more comments
exit8kc,3,89,50 or more comments
fartstrated_33,1,108,50 or more comments
fatmoistyyam,2,56,50 or more comments
fawnbae,1,116,50 or more comments
femdaddy69420,3,53,50 or more comments
finally_trustless,1,64,50 or more comments
floatinginmyroom,1,86,50 or more comments
flowerdaisies,1,109,50 or more comments
foreverfree20010,1,234,50 or more comments
frxgmnts,1,64,50 or more comments
funnyaccthrow2000,4,113,50 or more comments
fwklifefwkppl,4,173,50 or more comments
geekyguy4,4,111,50 or more comments
ggdabs,2,52,50 or more comments
ghjklmnv,3,74,50 or more comments
ghoststory225,6,108,50 or more comments
gilgameshofgiresun,3,79,50 or more comments
gillytr,1,114,50 or more comments
gingisick,1,53,50 or more comments
ginnyopenminded,2,96,50 or more comments
giraffesandkitties,6,70,50 or more comments
givemejuul,1,68,50 or more comments
glandgames,1,59,50 or more comments
gracelooksback1,1,117,50 or more comments
graveyardgirlxo1,1,152,50 or more comments
greenajah_3,2,56,50 or more comments
greeneyedhaze,4,230,50 or more comments
greenlight144000,1,266,50 or more comments
grinninggrave,1,74,50 or more comments
grumpybitchh,4,55,50 or more comments
guywitheasypassword,3,62,50 or more comments
hearthe4rt,4,68,50 or more comments
hellooooobyeeeee,1,50,50 or more comments
hellothere1452,1,67,50 or more comments
heraldo47,6,87,50 or more comments
heretodaycorpsetmrw,2,64,50 or more comments
hey-alicia,1,54,50 or more comments
hi_fox_1,9,173,50 or more comments
highlighterbitch,4,82,50 or more comments
holdenVF,1,84,50 or more comments
honeycalcitelover,8,155,50 or more comments
hopefuldi,1,154,50 or more comments
hopelustle,2,115,50 or more comments
hopeyy2,1,61,50 or more comments
hotimessga,10,147,50 or more comments
hunkyyydory,3,62,50 or more comments
iAmSmittenKitten,1,106,50 or more comments
iDislikeSn0w,3,104,50 or more comments
i_dont_know_12,1,458,50 or more comments
ibnvrashellth,1,75,50 or more comments
idontknowanyusrrname,1,62,50 or more comments
ifuckedyomama2,5,127,50 or more comments
igetwhatiwantboo,1,469,50 or more comments
ihateliving6661,1,95,50 or more comments
ii_nebula,1,74,50 or more comments
iliketech136,3,53,50 or more comments
ilovetodrinkcyanide,4,98,50 or more comments
iluvfisch_btw,1,73,50 or more comments
imbbz,1,87,50 or more comments
imjustrlytired,1,84,50 or more comments
imnotcreative_0,6,60,50 or more comments
in-the_void,1,75,50 or more comments
incrediblyLonelySW,1,338,50 or more comments
invisible_gent,5,100,50 or more comments
invisibledandelion,4,70,50 or more comments
ireallycantcope,10,139,50 or more comments
irrelevantleech,3,70,50 or more comments
iseverynamealryaken,1,117,50 or more comments
iwannagotosaturn,9,71,50 or more comments
j-rocc,5,72,50 or more comments
jacksparr0w5,1,330,50 or more comments
jahye_,2,362,50 or more comments
jakzjwjahxjz,1,237,50 or more comments
jalapeno2000,4,54,50 or more comments
jalapenochickensoup,8,159,50 or more comments
jan262022,5,529,50 or more comments
jasonguy22,1,269,50 or more comments
jazzcool2012,1,115,50 or more comments
jg2516,5,81,50 or more comments
jhrogoff,4,67,50 or more comments
jiminsjulia,10,428,50 or more comments
jmcc025,1,96,50 or more comments
jodie_somewhere18,3,96,50 or more comments
juicydroplets,3,52,50 or more comments
just_some_toast,3,51,50 or more comments
justjust000,3,70,50 or more comments
jwest4635,8,62,50 or more comments
k1k6u9,4,73,50 or more comments
kapow624,2,72,50 or more comments
katiesfriendtoady,1,74,50 or more comments
katypizza,1,125,50 or more comments
kili126,2,63,50 or more comments
kimberleyonreddit,2,74,50 or more comments
kingofgondor1992,8,112,50 or more comments
klittykattt,1,77,50 or more comments
knibggcg,1,72,50 or more comments
l3mnlim3,5,90,50 or more comments
l___l___l_l____l___l,5,72,50 or more comments
lalablogs,1,148,50 or more comments
laribarad,2,117,50 or more comments
lea_es,2,111,50 or more comments
leaderOfThoughts,1,60,50 or more comments
leptz233,1,50,50 or more comments
lifeishard99,3,71,50 or more comments
liliam50,1,110,50 or more comments
little-misadventures,3,65,50 or more comments
localdumdum,6,150,50 or more comments
lofikohai,1,140,50 or more comments
lol--what,2,55,50 or more comments
lonelyaftoday,1,57,50 or more comments
lonelyboy404,8,56,50 or more comments
lonelygweny,3,81,50 or more comments
lonelyman9,3,93,50 or more comments
lonelynuclear,1,65,50 or more comments
lonelyrascal,6,71,50 or more comments
lonelyspaceboy1,2,104,50 or more comments
lonelywandereeer,10,215,50 or more comments
lonelywolf074,3,62,50 or more comments
lonesomenoodle,7,68,50 or more comments
loo_min,4,79,50 or more comments
loovelykayla,1,53,50 or more comments
losers_club00,6,65,50 or more comments
losers_club000,5,70,50 or more comments
lostbutnotmissing,1,52,50 or more comments
lostintranslation882,8,187,50 or more comments
lubu222,6,59,50 or more comments
luke-robertson,2,79,50 or more comments
lunapopuna,2,162,50 or more comments
madbaki,1,205,50 or more comments
makemesmileboi,9,202,50 or more comments
manfromlasvegas,2,119,50 or more comments
manusiapurba,2,86,50 or more comments
mari_y,1,102,50 or more comments
mars_was_blue_too,7,76,50 or more comments
marxistwolfie,2,71,50 or more comments
massivetorpedoe365,4,96,50 or more comments
maximuminvisible,3,237,50 or more comments
mceggy_,1,72,50 or more comments
meltypurplesunlight,1,116,50 or more comments
memo012018,1,135,50 or more comments
meshuga7,2,111,50 or more comments
mickywankermouse,7,75,50 or more comments
mind_ablaze,5,97,50 or more comments
miserabl3_worthle66,3,79,50 or more comments
mjalc-2099,1,117,50 or more comments
mjd_mufc,1,54,50 or more comments
mmyvagthrowaway,8,59,50 or more comments
moTheastralcat,1,55,50 or more comments
mohitjeste31,1,109,50 or more comments
moniemonella,4,65,50 or more comments
mr_sheeppb,2,63,50 or more comments
muddyasslotus,2,72,50 or more comments
mypainisunbearable,3,87,50 or more comments
mysweatyvalentine,4,68,50 or more comments
nadzhan100,1,102,50 or more comments
networking100,1,137,50 or more comments
nimmienooms,1,71,50 or more comments
nnanama,4,124,50 or more comments
nomanslandishome,1,84,50 or more comments
nonamenoonehere,6,60,50 or more comments
nonamenouse2020,4,102,50 or more comments
notanymoreprobably,2,52,50 or more comments
notdraculaura,1,53,50 or more comments
notsosweetcitrus,1,63,50 or more comments
nouman6093,1,63,50 or more comments
nullus_b3,5,51,50 or more comments
o_0dk-frlsyall314,3,56,50 or more comments
obishaekenobi,1,63,50 or more comments
oche420,6,80,50 or more comments
ocpradhan,6,75,50 or more comments
octavia06,1,68,50 or more comments
oddnded,1,66,50 or more comments
ogre-fantastic,1,94,50 or more comments
okayletsgohunting,1,156,50 or more comments
olamez44,1,103,50 or more comments
olixius,1,86,50 or more comments
onionsandpasta,4,73,50 or more comments
orangeslice77,4,60,50 or more comments
oven_mits_,1,56,50 or more comments
palsternackan1,3,327,50 or more comments
parzivalfx,1,96,50 or more comments
patheticloner03,1,67,50 or more comments
peachkiwiberry,1,169,50 or more comments
pippippip123,1,58,50 or more comments
pjbrick14,8,97,50 or more comments
pool-of-coolol,4,62,50 or more comments
post__optimist,1,58,50 or more comments
prinmajestic,3,67,50 or more comments
puppyisnotaflower,8,51,50 or more comments
pureectasy,2,58,50 or more comments
purple_eminem,1,78,50 or more comments
pusillanimous303,1,202,50 or more comments
pussy_pioneer,1,50,50 or more comments
putitonyou6,2,66,50 or more comments
pwnage765,8,92,50 or more comments
quietwaffle,1,89,50 or more comments
qwertyisjesus,4,55,50 or more comments
randomRagdollLover,1,208,50 or more comments
randomuniverseoflife,2,52,50 or more comments
rbots96,1,56,50 or more comments
realshmichael,4,105,50 or more comments
redditistoo_leftwing,6,112,50 or more comments
redshshit,1,144,50 or more comments
regularwitch,7,1012,50 or more comments
remainh1dden,1,71,50 or more comments
riippu,1,63,50 or more comments
sadden-_-,1,68,50 or more comments
sadgirlhours649,1,92,50 or more comments
sadventingaccount77,1,58,50 or more comments
saippoakupla,4,78,50 or more comments
sammisung,1,131,50 or more comments
sanchez027,1,52,50 or more comments
sean-not-shawn,5,84,50 or more comments
seevisions8,1,77,50 or more comments
senko1_,6,119,50 or more comments
severed13,3,63,50 or more comments
shadowlarvitar,2,146,50 or more comments
shhnotadoctor1,1,60,50 or more comments
shmorg11,1,56,50 or more comments
shoregirl88,1,63,50 or more comments
shy6666,1,52,50 or more comments
siiiive,1,93,50 or more comments
silkedcosmo,1,52,50 or more comments
silverhaired-maiden,2,84,50 or more comments
siriusblack1999,2,86,50 or more comments
skepho,7,51,50 or more comments
skie_sue,3,64,50 or more comments
skinnylegend1998,2,53,50 or more comments
slotuu,4,294,50 or more comments
slugsquad0007,5,87,50 or more comments
slutty7,2,103,50 or more comments
small-quiet-voice,3,63,50 or more comments
smallcoccthrowaway,7,73,50 or more comments
snookers1111,3,50,50 or more comments
socialising21,7,72,50 or more comments
solar_7,1,74,50 or more comments
solarwhale22,2,53,50 or more comments
some_casual_person,1,61,50 or more comments
someoneinlife1,7,110,50 or more comments
sou1f1ower,5,61,50 or more comments
specterfan1,4,66,50 or more comments
spooky_rainbow007,10,79,50 or more comments
srfm24,4,93,50 or more comments
st_ghouls,1,114,50 or more comments
starlord78,5,51,50 or more comments
steve123313,4,50,50 or more comments
stopcheatin,3,74,50 or more comments
strangled_marionette,9,138,50 or more comments
strawbarrassed,10,72,50 or more comments
subhumanlonelyscum,2,162,50 or more comments
submissivepwincess,2,64,50 or more comments
suddenlytemporary,4,70,50 or more comments
summerlisa123,8,51,50 or more comments
supersolivagant,1,75,50 or more comments
suprrsoakk0,7,115,50 or more comments
sweaty-forehead,1,76,50 or more comments
sweetnymphrodite,1,56,50 or more comments
tahsinalt,8,50,50 or more comments
talevski_18,6,74,50 or more comments
tanhere_03,1,95,50 or more comments
tanisha_10433,10,477,50 or more comments
tasha_hop,2,65,50 or more comments
taymo2021,1,112,50 or more comments
teeny-rose,1,54,50 or more comments
tez911,1,162,50 or more comments
thedatarat,5,61,50 or more comments
thedepthsofthe90s,1,85,50 or more comments
theguynextdoorr33,2,198,50 or more comments
thesundriedtomato__,1,222,50 or more comments
thesweetpotato282,2,77,50 or more comments
thinkjosephthink,3,92,50 or more comments
thr_wa_ay,2,93,50 or more comments
throw_plushie,9,70,50 or more comments
throwaway127930,1,81,50 or more comments
throwaway42053953,3,103,50 or more comments
throwaway638582,2,56,50 or more comments
throwaway839137,3,61,50 or more comments
throwawayscc91874,2,257,50 or more comments
throwingitallaway966,4,63,50 or more comments
throwit178282,1,94,50 or more comments
tireddisapointment,2,67,50 or more comments
toughlife44,8,132,50 or more comments
trailer-trash0,3,76,50 or more comments
trash_acc_123,9,54,50 or more comments
treebeards-high,1,137,50 or more comments
trying_my_best_555,1,83,50 or more comments
tyrolda,9,180,50 or more comments
unachicken,2,95,50 or more comments
unconfidentloser,1,54,50 or more comments
unlvable,1,51,50 or more comments
unstableminddddddddd,1,140,50 or more comments
unuavi,1,127,50 or more comments
unwanted-22,7,129,50 or more comments
useless_Irina,6,93,50 or more comments
vicer96,6,122,50 or more comments
violetsunflowerz,2,68,50 or more comments
virginia435,2,82,50 or more comments
visionsofzimmerman,1,56,50 or more comments
vladamirsdischarge,3,115,50 or more comments
vmxc1999,5,77,50 or more comments
vung20019,1,84,50 or more comments
wannabehotwoman,9,101,50 or more comments
whelans_Waffles,9,57,50 or more comments
whocaaress,1,74,50 or more comments
whymesougly,4,54,50 or more comments
wiggedcow,6,104,50 or more comments
wilddaisy1,1,80,50 or more comments
xAllets,2,51,50 or more comments
xXMissunattractivexX,9,142,50 or more comments
xopumpkinn,3,96,50 or more comments
xoxoxo734,3,169,50 or more comments
xstinfijv,1,169,50 or more comments
xthestranger1991x,8,113,50 or more comments
xtrahornedfemale,2,229,50 or more comments
yeetmeaway1000times,1,53,50 or more comments
yikesdowg,2,68,50 or more comments
yummyba11s69,3,140,50 or more comments
zammy888,6,198,50 or more comments
zaron_tr,7,122,50 or more comments
ziamal4,7,105,50 or more comments
zlpemllik,1,104,50 or more comments
